<?xml version="1.0"?>
<!--
 Licensed to the Apache Software Foundation (ASF) under one or more
 contributor license agreements.  See the NOTICE file distributed with
 this work for additional information regarding copyright ownership.
 The ASF licenses this file to You under the Apache License, Version 2.0
 (the "License"); you may not use this file except in compliance with
 the License.  You may obtain a copy of the License at

      http://www.apache.org/licenses/LICENSE-2.0

 Unless required by applicable law or agreed to in writing, software
 distributed under the License is distributed on an "AS IS" BASIS,
 WITHOUT WARRANTIES OR CONDITIONS OF ANY KIND, either express or implied.
 See the License for the specific language governing permissions and
 limitations under the License.
-->

<document xmlns="http://maven.apache.org/XDOC/2.0"
  xmlns:xsi="http://www.w3.org/2001/XMLSchema-instance"
  xsi:schemaLocation="http://maven.apache.org/XDOC/2.0 http://maven.apache.org/xsd/xdoc-2.0.xsd">
  <properties>
    <title>Community</title>
  </properties>

  <body>
    <section name="On The Apache Wiki">
        <p>
           The Apache Wiki is a Wiki run by Apache for the Apache community. The Validator Wiki home page is
           <a href='http://wiki.apache.org/commons/Validator'>here</a>.
        </p>
        <p>
          Anyone is welcome to create new content about Validator providing that they 
          observe the usual rules of netiquette.
        </p>
        </section>
        
    <section name="Struts Console">
      <p>
       <a href='http://www.jamesholmes.com/struts/'>Struts Console</a> is a free 
       standalone Java Swing application for managing 
       Struts related configuration files, including Commons Validator config files.
       Struts Console also plugs into several popular Java IDEs for seamless
       management of config files from one central development tool.
      </p>

    </section>
  </body>
</document>

